{
  "accuracy": 0.794180269694819,
  "precision": 0.63125,
  "recall": 0.5401069518716578,
  "f1": 0.5821325648414986,
  "roc_auc": 0.840249037691493
}